,Pamandzi,Tromelin
0,33.2344202600186,34.5458489366925
