,Pamandzi,Tromelin
0,34.0734924538804,35.48602632798377
