,Pamandzi,Tromelin
0,35.59071988957544,37.685320286117154
